{
    "157978": {
        "stamina": 23,
        "hero": {
            "id": 157978,
            "summonedTime": 1647719202,
            "nextSummonTime": 1648199764,
            "summonerId": 1235,
            "assistantId": 1128,
            "summons": 1,
            "maxSummons": 10,
            "statGenes": 3.43370473741536762569661747038996338821232370675122259173375463513076038e+71,
            "visualGenes": 6.0449369015417619498891068197988623833472776958874272022482320446687363e+70,
            "rarity": 0,
            "shiny": false,
            "generation": 1,
            "firstName": 705,
            "lastName": 1596,
            "shinyStyle": 6,
            "class": 5,
            "subClass": 6,
            "staminaFullAt": 1650498701,
            "hpFullAt": 0,
            "mpFullAt": 0,
            "level": 1,
            "xp": 2000,
            "currentQuest": "0x0000000000000000000000000000000000000000",
            "sp": 0,
            "status": 0,
            "strength": 1500,
            "intelligence": 625,
            "wisdom": 1250,
            "luck": 750,
            "agility": 1500,
            "vitality": 1500,
            "endurance": 1375,
            "dexterity": 1900,
            "hp": 100,
            "mp": 75,
            "stamina": 25,
            "hpSm": 625,
            "hpRg": 875,
            "hpLg": 1000,
            "mpSm": 750,
            "mpRg": 1000,
            "mpLg": 750,
            "mining": 0,
            "gardening": 0,
            "foraging": 0,
            "fishing": 33
        },
        "quest": null
    },
    "160084": {
        "stamina": 25,
        "hero": {
            "id": 160084,
            "summonedTime": 1647984301,
            "nextSummonTime": 1648199764,
            "summonerId": 713,
            "assistantId": 344,
            "summons": 1,
            "maxSummons": 10,
            "statGenes": 3.39975358634797539756392340462510343716493317116740733032784242241769672e+71,
            "visualGenes": 1.6753095819164273814380233664109200034338486297863422635559711924237127e+71,
            "rarity": 0,
            "shiny": false,
            "generation": 1,
            "firstName": 515,
            "lastName": 1335,
            "shinyStyle": 2,
            "class": 6,
            "subClass": 0,
            "staminaFullAt": 1650424953,
            "hpFullAt": 0,
            "mpFullAt": 0,
            "level": 1,
            "xp": 1379,
            "currentQuest": "0xe4154B6E5D240507F9699C730a496790A722DF19",
            "sp": 0,
            "status": 0,
            "strength": 1875,
            "intelligence": 500,
            "wisdom": 900,
            "luck": 875,
            "agility": 1250,
            "vitality": 1625,
            "endurance": 1625,
            "dexterity": 1750,
            "hp": 135,
            "mp": 40,
            "stamina": 25,
            "hpSm": 375,
            "hpRg": 1000,
            "hpLg": 1125,
            "mpSm": 1250,
            "mpRg": 875,
            "mpLg": 375,
            "mining": 0,
            "gardening": 6,
            "foraging": 10,
            "fishing": 0
        },
        "quest": [
            14147908,
            "0xe4154B6E5D240507F9699C730a496790A722DF19",
            [
                160084
            ],
            "0x9291395f37CBBc1a17285e69C9A8a682bcf1882b",
            1650468318,
            25515751,
            1650483318,
            1,
            1
        ]
    },
    "161429": {
        "stamina": 23,
        "hero": {
            "id": 161429,
            "summonedTime": 1648171013,
            "nextSummonTime": 1648257413,
            "summonerId": 160084,
            "assistantId": 157978,
            "summons": 0,
            "maxSummons": 9,
            "statGenes": 3.43370626773463830079890377380706012482472662603716586987825114046869704e+71,
            "visualGenes": 5.699517850182986233331277740216037378570338364599182639935393348819367e+70,
            "rarity": 0,
            "shiny": false,
            "generation": 2,
            "firstName": 1990,
            "lastName": 583,
            "shinyStyle": 13,
            "class": 5,
            "subClass": 6,
            "staminaFullAt": 1650498701,
            "hpFullAt": 0,
            "mpFullAt": 0,
            "level": 1,
            "xp": 2000,
            "currentQuest": "0x0000000000000000000000000000000000000000",
            "sp": 0,
            "status": 0,
            "strength": 1500,
            "intelligence": 625,
            "wisdom": 1650,
            "luck": 750,
            "agility": 1500,
            "vitality": 1500,
            "endurance": 1375,
            "dexterity": 1500,
            "hp": 100,
            "mp": 75,
            "stamina": 25,
            "hpSm": 625,
            "hpRg": 875,
            "hpLg": 1000,
            "mpSm": 750,
            "mpRg": 1000,
            "mpLg": 750,
            "mining": 0,
            "gardening": 0,
            "foraging": 0,
            "fishing": 48
        },
        "quest": null
    }
}